foto,nombre,color,precio,compania
http://lorempixel.com/640/480,Pizza,lavanda,141.00,Orosco S.A.
http://lorempixel.com/640/480,Teclado,salmón,914.00,Ledesma - Orozco
http://lorempixel.com/640/480,Pescado,salmón,783.00,Baca, Alonzo and Venegas   
http://lorempixel.com/640/480,Zapatos,orquídea,359.00,Esparza, Loya and Moya   
http://lorempixel.com/640/480,Pantalones,salmón,320.00,Ochoa e Hijos
http://lorempixel.com/640/480,Mesa,cielo azul,639.00,Leal - Arteaga
http://lorempixel.com/640/480,Presidente,tan,331.00,Rodríguez - Zúñiga
http://lorempixel.com/640/480,Pescado,cielo azul,610.00,Bueno, Tirado and Yáñez
http://lorempixel.com/640/480,Ratón,cielo azul,934.00,Madrigal S.A.
http://lorempixel.com/640/480,Embutidos,turquesa,985.00,Gutiérrez - Paredes
http://lorempixel.com/640/480,Ensalada,plata,295.00,Irizarry e Hijos
http://lorempixel.com/640/480,Pantalones,plata,153.00,Yáñez - Irizarry
http://lorempixel.com/640/480,Auto,turquesa,653.00,Velázquez - Hurtado
http://lorempixel.com/640/480,Bike,negro,393.00,Vigil - Xiana
http://lorempixel.com/640/480,Bike,cian,681.00,Pelayo - Alvarez
http://lorempixel.com/640/480,Pantalones,amarillo,50.00,Delao S.A.
http://lorempixel.com/640/480,Mesa,lavanda,278.00,Prado, Kortajarena and Ceballos
http://lorempixel.com/640/480,Embutidos,teal,3.00,Pagan Hermanos
http://lorempixel.com/640/480,Pizza,Lima,380.00,Camacho - Abrego
http://lorempixel.com/640/480,Mesa,plata,553.00,Pineda, Kamal and Camarillo
http://lorempixel.com/640/480,Pantalones,morado,441.00,Nájera e Hijos
http://lorempixel.com/640/480,Queso,violeta,250.00,Santacruz, Salazar and Fierro
http://lorempixel.com/640/480,Pantalones,plata,160.00,Gaytán Hermanos
http://lorempixel.com/640/480,Tuna,blanco,457.00,Carvajal, Naranjo and Casanova
http://lorempixel.com/640/480,Toallas,marrón,769.00,Zamudio, Leyva and Covarrubias
http://lorempixel.com/640/480,Mesa,lavanda,661.00,Nevárez, Kuzmina and Zaragoza
http://lorempixel.com/640/480,Zapatos,Menta verde,578.00,Vigil - Granado
http://lorempixel.com/640/480,Pantalones,blanco,326.00,Benavides - Rentería
http://lorempixel.com/640/480,Mesa,fucsia,790.00,Avilés S.A.
http://lorempixel.com/640/480,Pizza,rojo,961.00,Rocha - Bernal
